{"stats":{"minecraft:used":{"strictly_origins:damaged_durendal":2,"twigs:twig":1,"minecraft:dirt":1,"alexsmobs:animal_dictionary":1},"minecraft:picked_up":{"minecraft:birch_log":1,"twigs:twig":1,"minecraft:dirt":1},"minecraft:mined":{"minecraft:grass_block":1,"twigs:twig":1,"minecraft:birch_log":1},"minecraft:custom":{"minecraft:time_since_rest":20178,"enigmaticlegacy:play_time_with_seven_curses":15245,"minecraft:crouch_one_cm":214,"minecraft:play_time":20178,"minecraft:sprint_one_cm":16416,"minecraft:damage_taken":180,"minecraft:walk_one_cm":39738,"minecraft:sneak_time":230,"minecraft:walk_under_water_one_cm":119,"minecraft:jump":101,"minecraft:damage_dealt":90,"minecraft:leave_game":1,"minecraft:time_since_death":20178,"minecraft:walk_on_water_one_cm":630,"enigmaticlegacy:play_time_without_seven_curses":4933,"minecraft:total_world_time":20178,"minecraft:swim_one_cm":736,"minecraft:talked_to_villager":1,"minecraft:fall_one_cm":1613,"minecraft:fly_one_cm":87078}},"DataVersion":3120}