{"stats":{"minecraft:custom":{"minecraft:jump":44,"minecraft:intelligence":0,"minecraft:time_since_rest":5469,"minecraft:energy":50,"minecraft:blood":0,"minecraft:crouch_one_cm":732,"minecraft:magic_shield":0,"minecraft:sprint_one_cm":3943,"minecraft:damage_taken":60,"minecraft:health":100,"minecraft:play_time":5469,"minecraft:move_speed":0,"minecraft:time_since_death":5469,"minecraft:walk_one_cm":8032,"minecraft:strength":0,"minecraft:sneak_time":154,"minecraft:total_world_time":5469,"minecraft:talked_to_villager":1,"minecraft:fly_one_cm":7387,"minecraft:fall_one_cm":1276,"minecraft:mana":50,"minecraft:dexterity":0,"lootr:looted_stat":1}},"DataVersion":3465}