{"stats":{"minecraft:used":{"minecraft:iron_sword":3},"minecraft:custom":{"minecraft:time_since_rest":19169,"enigmaticlegacy:play_time_with_seven_curses":0,"lootr:looted_stat":6,"minecraft:crouch_one_cm":1195,"minecraft:sprint_one_cm":17276,"minecraft:play_time":19169,"minecraft:walk_one_cm":34278,"minecraft:sneak_time":678,"minecraft:mob_kills":2,"minecraft:drop":1,"minecraft:jump":262,"minecraft:damage_dealt":40,"minecraft:leave_game":2,"minecraft:walk_on_water_one_cm":81,"minecraft:time_since_death":19169,"enigmaticlegacy:play_time_without_seven_curses":19169,"minecraft:total_world_time":19169,"minecraft:fall_one_cm":7723,"minecraft:fly_one_cm":41100},"minecraft:crafted":{"minecraft:oak_planks":4,"minecraft:wheat":36},"minecraft:killed":{"whisperwoods:moth":2},"minecraft:mined":{"minecraft:hay_block":7,"minecraft:potatoes":16,"minecraft:oak_log":1,"minecraft:beetroots":1,"minecraft:carrots":74,"minecraft:wheat":5,"minecraft:spruce_log":6,"minecraft:oak_leaves":3},"minecraft:dropped":{"aether:iron_gloves":1},"minecraft:picked_up":{"minecraft:wheat":3,"minecraft:beetroot_seeds":1,"aether:iron_gloves":1,"minecraft:wheat_seeds":13,"minecraft:potato":57,"delightful:acorn":1,"minecraft:hay_block":7,"minecraft:oak_log":1,"minecraft:spruce_sapling":1,"minecraft:spruce_log":6,"minecraft:carrot":250,"minecraft:oak_sapling":2}},"DataVersion":3120}