{"stats":{"minecraft:picked_up":{"chococraft:gysahl_green":3,"minecraft:sweet_berries":3},"minecraft:custom":{"minecraft:time_since_rest":8515,"minecraft:blood":0,"minecraft:waystone_activated":1,"minecraft:magic_shield":0,"minecraft:crouch_one_cm":1822,"lootr:looted_stat":3,"minecraft:play_time":20944,"minecraft:sprint_one_cm":19882,"minecraft:damage_taken":110,"minecraft:walk_one_cm":22901,"minecraft:sneak_time":555,"minecraft:walk_under_water_one_cm":854,"minecraft:dexterity":0,"minecraft:jump":186,"minecraft:intelligence":0,"minecraft:energy":50,"minecraft:leave_game":1,"minecraft:walk_on_water_one_cm":897,"minecraft:health":105,"minecraft:time_since_death":20944,"minecraft:move_speed":0,"minecraft:strength":1,"minecraft:sleep_in_bed":1,"minecraft:total_world_time":20944,"minecraft:swim_one_cm":4224,"minecraft:mana":50,"minecraft:talked_to_villager":3,"minecraft:fall_one_cm":5883,"minecraft:fly_one_cm":34228},"minecraft:mined":{"minecraft:grass_block":1}},"DataVersion":3465}