{"stats":{"minecraft:used":{"strictly_origins:damaged_durendal":2,"twigs:twig":1,"minecraft:dirt":1,"minecraft:terracotta":1,"minecraft:flint_and_steel":1,"alexsmobs:animal_dictionary":1,"minecraft:spruce_planks":5},"minecraft:dropped":{"strictly_origins:damaged_durendal":1,"minecraft:spruce_planks":1,"minecraft:flint_and_steel":1,"minecraft:terracotta":1},"minecraft:picked_up":{"minecraft:birch_log":1,"twigs:twig":1,"minecraft:dirt":1},"minecraft:mined":{"minecraft:grass_block":1,"twigs:twig":1,"minecraft:birch_log":1},"minecraft:custom":{"minecraft:time_since_rest":44977,"enigmaticlegacy:play_time_with_seven_curses":40044,"minecraft:crouch_one_cm":494,"minecraft:play_time":44977,"minecraft:sprint_one_cm":21350,"minecraft:damage_taken":180,"minecraft:walk_one_cm":50189,"minecraft:sneak_time":459,"minecraft:walk_under_water_one_cm":1680,"minecraft:drop":4,"minecraft:jump":171,"minecraft:damage_dealt":90,"minecraft:leave_game":3,"minecraft:walk_on_water_one_cm":1122,"minecraft:time_since_death":44977,"enigmaticlegacy:play_time_without_seven_curses":4933,"minecraft:total_world_time":44977,"minecraft:swim_one_cm":736,"minecraft:talked_to_villager":2,"minecraft:fall_one_cm":2948,"minecraft:fly_one_cm":95030}},"DataVersion":3120}