{"stats":{"minecraft:used":{"strictly_origins:damaged_durendal":2,"twigs:twig":1,"minecraft:dirt":1,"alexsmobs:animal_dictionary":1},"minecraft:dropped":{"strictly_origins:damaged_durendal":1},"minecraft:picked_up":{"minecraft:birch_log":1,"twigs:twig":1,"minecraft:dirt":1},"minecraft:mined":{"minecraft:grass_block":1,"twigs:twig":1,"minecraft:birch_log":1},"minecraft:custom":{"minecraft:time_since_rest":36176,"enigmaticlegacy:play_time_with_seven_curses":31243,"minecraft:crouch_one_cm":330,"minecraft:play_time":36176,"minecraft:sprint_one_cm":20521,"minecraft:damage_taken":180,"minecraft:walk_one_cm":44196,"minecraft:sneak_time":260,"minecraft:walk_under_water_one_cm":1680,"minecraft:drop":1,"minecraft:jump":151,"minecraft:damage_dealt":90,"minecraft:leave_game":2,"minecraft:walk_on_water_one_cm":1122,"minecraft:time_since_death":36176,"enigmaticlegacy:play_time_without_seven_curses":4933,"minecraft:total_world_time":36176,"minecraft:swim_one_cm":736,"minecraft:talked_to_villager":2,"minecraft:fall_one_cm":2948,"minecraft:fly_one_cm":93232}},"DataVersion":3120}